timestamp,question,answer,feedback,corrected_answer
2026-05-23T19:05:50.354352,string,string,string,string
2026-05-23T19:05:59.987908,Can I chill for 4 months without work on OPT?,A student on post-completion OPT can be unemployed for 90 days.,Correct,
2026-05-23T19:06:02.019926,Can I chill for 4 months without work on OPT?,A student on post-completion OPT can be unemployed for 90 days.,Correct,
2026-05-23T21:41:15.289743,How many unemployment days are allowed during post-completion OPT?,An F-1 student may not accrue an aggregate of more than 90 days of unemployment during the period of post-completion OPT.,Correct,
2026-05-24T09:27:29.795210,"I am on clock, 90 days period, how can I stop my opt clock? 
",I could not verify this from the provided sources.,Incorrect,
2026-05-24T09:38:13.042281,who is the mayor of Chicago,The mayor of Chicago is Brandon Johnson.,Correct,
2026-05-26T08:56:44.857704,"If a DSO requests OPT in SEVIS on May 1, 2026, by what date must USCIS receive Form I-765 to avoid denial?","If a DSO requests OPT in SEVIS on May 1, 2026, USCIS must receive Form I-765 by May 31, 2026, to avoid denial, as applications received after 30 days will be denied.",Correct,
2026-05-26T08:57:04.268421,"If a DSO requests OPT in SEVIS on May 1, 2026, by what date must USCIS receive Form I-765 to avoid denial?","If a DSO requests OPT in SEVIS on May 1, 2026, USCIS must receive Form I-765 by May 31, 2026, to avoid denial, as applications received after 30 days will be denied.",Correct,
2026-05-26T08:58:23.035854,hat happens if USCIS receives Form I-765 without the DSO recommending OPT in SEVIS first?,"If USCIS receives Form I-765 without the DSO recommending OPT in SEVIS first, the application will be denied. Federal regulations require that the DSO's OPT recommendation be recorded in the student's SEVIS record before the Form I-765 is submitted. The student will lose the application fee and will have to reapply for OPT and pay the fee again.",Correct,
2026-05-27T15:33:36.439784,what is a sevis id?,"A SEVIS ID is a unique identification number assigned to students and exchange visitors in the Student and Exchange Visitor Information System (SEVIS). It is used to track and manage their records while they are in the United States on a student visa. The SEVIS ID is linked to the student's Form I-20, which is issued by their educational institution.",Correct,
2026-05-27T22:34:37.227376,"A researcher currently holds an H-1B approval through another university and wants to begin working at Harvard University immediately while keeping both jobs at the same time. The researcher’s Harvard position is paid and qualifies as a specialty occupation.
Can the researcher legally work for Harvard using the previously approved H-1B petition from the other university?","The researcher cannot legally work for Harvard using the previously approved H-1B petition from the other university. H-1B visa status is employer specific, meaning that an individual with an H-1B approval from one employer is not eligible to work for another employer, such as Harvard, without a separate H-1B visa petition filed by that new employer. Each employer must file a separate H-1B visa petition for the individual to work legally.",Correct,
2026-05-27T22:59:54.622672,"A company files an H-1B petition for a software engineer currently living outside the United States. The employer skips the LCA process because they believe it is unnecessary after submitting Form I-129. USCIS approves the petition anyway. The worker already has a valid U.S. visa from a previous category and arrives at the airport requesting H-1B admission.

What is the biggest procedural issue in this situation, and can the worker still be admitted in H-1B status?","The biggest procedural issue in this situation is that the employer skipped the Labor Condition Application (LCA) process, which is required for H-1B petitions for specialty occupations. The LCA must be submitted with the Form I-129, and failure to do so can result in violations that may lead to fines and other sanctions against the employer.

As for the worker's admission in H-1B status, while the USCIS approved the petition, the lack of an LCA could complicate the admission process. The worker may still be admitted, but the absence of a valid LCA could lead to issues with compliance and potential future penalties for the employer. Therefore, the worker's admission is uncertain due to the procedural violation.",Partially Correct,
